label_name,bbox_x,bbox_y,bbox_width,bbox_height,image_name,image_width,image_height
d3,35,0,119,472,1689194849_41975260.png,640,480
d3,0,0,127,480,1689194849_545955896.png,640,480
d3,1,1,115,479,1689194850_49875975.png,640,480
d3,0,0,96,478,1689194850_553830147.png,640,480
d3,0,2,72,459,1689194851_561720610.png,640,480
d3,1,0,75,458,1689194851_57793617.png,640,480
d3,0,0,58,458,1689194852_568831921.png,640,480
d3,0,0,54,458,1689194852_65634966.png,640,480
d3,0,0,37,459,1689194853_573544264.png,640,480
d3,0,0,41,450,1689194853_69627523.png,640,480
d3,0,0,54,477,1689194854_581386566.png,640,480
d3,0,0,61,471,1689194854_77459335.png,640,480
d4,578,0,47,366,1689194855_589253426.png,640,480
d3,0,0,36,478,1689194855_85314035.png,640,480
d4,594,1,46,389,1689194856_593285799.png,640,480
d4,586,0,54,375,1689194856_92234850.png,640,480
d4,618,3,22,390,1689194857_97213030.png,640,480
d5,18,3,75,361,1689194862_136771679.png,640,480
d5,128,0,67,378,1689194862_640729666.png,640,480
d5,233,0,60,374,1689194863_144688368.png,640,480
d7,82,176,12,154,1689194863_144688368.png,640,480
d8,57,206,9,125,1689194863_144688368.png,640,480
d5,294,0,62,375,1689194863_648657799.png,640,480
d7,147,179,9,153,1689194863_648657799.png,640,480
d8,121,212,7,120,1689194863_648657799.png,640,480
d5,342,2,84,385,1689194864_152630568.png,640,480
d7,202,183,14,151,1689194864_152630568.png,640,480
d8,180,216,6,111,1689194864_152630568.png,640,480
d5,396,0,83,385,1689194864_656580925.png,640,480
d7,255,176,10,153,1689194864_656580925.png,640,480
d8,224,205,18,122,1689194864_656580925.png,640,480
d5,453,0,95,397,1689194865_160530567.png,640,480
d7,299,171,15,156,1689194865_160530567.png,640,480
d8,276,208,10,114,1689194865_160530567.png,640,480
d5,495,0,128,397,1689194865_664225101.png,640,480
d7,332,173,15,152,1689194865_664225101.png,640,480
d8,309,211,9,114,1689194865_664225101.png,640,480
d5,545,0,95,402,1689194866_164558887.png,640,480
d7,373,167,12,159,1689194866_164558887.png,640,480
d8,346,208,13,115,1689194866_164558887.png,640,480
d7,413,166,19,163,1689194866_668543816.png,640,480
d8,387,209,12,107,1689194866_668543816.png,640,480
d7,428,156,21,172,1689194867_172531366.png,640,480
d8,399,200,15,125,1689194867_172531366.png,640,480
d7,456,152,22,179,1689194867_676482916.png,640,480
d8,428,188,13,137,1689194867_676482916.png,640,480
d7,487,149,23,188,1689194868_180434704.png,640,480
d8,457,197,16,132,1689194868_180434704.png,640,480
d8,471,187,15,133,1689194868_680783987.png,640,480
d7,504,135,23,190,1689194868_680783987.png,640,480
d7,514,133,23,195,1689194869_181133270.png,640,480
d8,479,180,17,140,1689194869_181133270.png,640,480
d8,491,182,14,138,1689194869_681486368.png,640,480
d7,526,124,31,204,1689194869_681486368.png,640,480
d7,539,116,33,211,1689194870_181838036.png,640,480
d8,506,173,17,145,1689194870_181838036.png,640,480
d8,496,177,16,144,1689194870_682179213.png,640,480
d7,534,109,34,219,1689194870_682179213.png,640,480
d7,540,101,32,232,1689194871_182518482.png,640,480
d8,499,171,20,151,1689194871_182518482.png,640,480
d7,552,99,38,236,1689194871_682854891.png,640,480
d8,506,171,20,153,1689194871_682854891.png,640,480
d7,564,99,35,240,1689194872_183190107.png,640,480
d8,513,168,17,162,1689194872_183190107.png,640,480
d7,575,96,31,246,1689194872_683530331.png,640,480
d8,518,171,16,159,1689194872_683530331.png,640,480
d7,564,88,43,254,1689194873_183869362.png,640,480
d8,508,166,19,162,1689194873_183869362.png,640,480
d7,526,85,37,259,1689194873_684215784.png,640,480
d8,464,169,16,164,1689194873_684215784.png,640,480
d7,478,85,45,260,1689194874_184562206.png,640,480
d8,421,167,16,162,1689194874_184562206.png,640,480
d7,441,90,36,256,1689194874_684917450.png,640,480
d8,378,165,16,164,1689194874_684917450.png,640,480
d7,395,78,36,268,1689194875_185272694.png,640,480
d8,333,166,13,167,1689194875_185272694.png,640,480
d7,341,69,47,289,1689194875_685621023.png,640,480
d8,284,169,14,167,1689194875_685621023.png,640,480
d7,340,50,52,296,1689194876_185969591.png,640,480
d8,280,160,21,172,1689194876_185969591.png,640,480
d7,438,46,58,308,1689194876_686317444.png,640,480
d8,369,160,25,175,1689194876_686317444.png,640,480
d7,503,7,75,352,1689194877_186665297.png,640,480
d8,430,144,25,189,1689194877_186665297.png,640,480
d7,592,3,48,357,1689194877_687016249.png,640,480
d8,499,133,28,203,1689194877_687016249.png,640,480
d9,321,232,5,84,1689194877_687016249.png,640,480
d8,532,130,35,210,1689194878_187367916.png,640,480
d9,342,238,10,82,1689194878_187367916.png,640,480
d8,568,111,36,226,1689194878_687719345.png,640,480
d9,369,231,7,89,1689194878_687719345.png,640,480
d8,597,106,37,231,1689194879_188071728.png,640,480
d9,386,230,7,89,1689194879_188071728.png,640,480
d8,610,91,30,246,1689194879_688428164.png,640,480
d9,392,231,5,92,1689194879_688428164.png,640,480
d8,613,82,27,251,1689194880_188785791.png,640,480
d9,386,224,7,93,1689194880_188785791.png,640,480
d8,557,86,41,255,1689194880_689153671.png,640,480
d9,332,229,10,88,1689194880_689153671.png,640,480
d8,499,90,37,246,1689194881_189522266.png,640,480
d9,274,230,10,94,1689194881_189522266.png,640,480
d8,457,87,37,255,1689194881_689877987.png,640,480
d9,232,229,5,93,1689194881_689877987.png,640,480
d8,432,78,43,264,1689194882_190234900.png,640,480
d9,201,222,8,97,1689194882_190234900.png,640,480
d8,419,77,38,265,1689194882_690606833.png,640,480
d9,183,227,8,94,1689194882_690606833.png,640,480
d8,419,60,47,283,1689194883_190979719.png,640,480
d9,183,225,5,102,1689194883_190979719.png,640,480
d8,424,45,45,297,1689194883_691328526.png,640,480
d9,176,220,7,103,1689194883_691328526.png,640,480
d8,426,40,53,307,1689194884_191677570.png,640,480
d9,174,224,6,98,1689194884_191677570.png,640,480
d8,432,31,50,321,1689194884_692028999.png,640,480
d9,171,224,6,104,1689194884_692028999.png,640,480
d8,436,23,55,329,1689194885_192381382.png,640,480
d9,169,222,5,104,1689194885_192381382.png,640,480
d8,445,16,68,342,1689194885_692741156.png,640,480
d9,175,223,8,101,1689194885_692741156.png,640,480
d8,506,3,82,358,1689194886_193101883.png,640,480
d9,228,219,7,105,1689194886_193101883.png,640,480
d8,556,3,81,366,1689194886_693455696.png,640,480
d9,256,222,7,106,1689194886_693455696.png,640,480
d8,587,2,53,366,1689194887_193809032.png,640,480
d9,260,218,9,105,1689194887_193809032.png,640,480
d8,604,0,36,371,1689194887_694147110.png,640,480
d9,259,217,10,109,1689194887_694147110.png,640,480
d9,260,217,10,104,1689194888_194485426.png,640,480
d9,262,215,10,107,1689194888_694842577.png,640,480
d9,262,212,12,114,1689194889_195199728.png,640,480
d9,256,214,9,117,1689194889_695548058.png,640,480
d9,250,211,8,111,1689194890_197336197.png,640,480
d9,240,209,7,121,1689194890_701284170.png,640,480
d9,231,209,12,123,1689194891_205232143.png,640,480
d9,234,201,9,123,1689194891_709180355.png,640,480
d9,233,200,11,126,1689194892_213128328.png,640,480
d9,230,195,14,125,1689194892_715398788.png,640,480
d9,235,192,11,132,1689194893_215748787.png,640,480
d9,231,196,9,134,1689194893_716099024.png,640,480
d9,230,197,14,135,1689194894_216449022.png,640,480
d9,232,188,14,140,1689194894_716797113.png,640,480
d9,231,188,13,138,1689194895_217143774.png,640,480
d9,230,189,14,138,1689194895_717483044.png,640,480
d9,231,183,14,142,1689194896_217823029.png,640,480
d9,228,180,15,143,1689194896_719372272.png,640,480
d9,229,178,17,149,1689194897_223320723.png,640,480
d9,228,173,15,151,1689194897_727264881.png,640,480
d9,224,171,19,154,1689194898_231210470.png,640,480
d9,222,170,21,161,1689194898_733966827.png,640,480
d9,221,165,23,162,1689194899_235764742.png,640,480
d9,221,164,20,165,1689194899_739724636.png,640,480
d9,219,169,20,169,1689194900_243683815.png,640,480
d9,219,169,21,170,1689194900_747633696.png,640,480
d9,219,164,24,178,1689194901_251103401.png,640,480
d9,219,161,23,180,1689194901_751453400.png,640,480
d9,218,153,27,184,1689194902_251802683.png,640,480
d9,214,150,29,192,1689194902_752151251.png,640,480
d9,214,145,29,202,1689194903_252496481.png,640,480
d9,213,147,23,202,1689194903_755467415.png,640,480
d9,210,143,29,202,1689194904_259401083.png,640,480
d9,207,133,29,209,1689194904_763350725.png,640,480
d9,197,121,37,220,1689194905_267300606.png,640,480
d9,130,114,33,236,1689194905_771248341.png,640,480
d9,29,99,51,253,1689194906_275195837.png,640,480
d9,2,50,20,306,1689194908_784607649.png,640,480
d9,0,49,49,307,1689194909_284952641.png,640,480
d9,0,42,48,318,1689194909_785311699.png,640,480
d9,0,29,37,335,1689194910_285670757.png,640,480
d9,0,22,24,345,1689194910_789386749.png,640,480
d9,0,12,72,353,1689194911_289744854.png,640,480
d9,27,12,119,349,1689194911_790107250.png,640,480
d9,99,11,127,353,1689194912_290467978.png,640,480
d9,149,0,131,361,1689194912_790823936.png,640,480
d9,170,3,133,367,1689194913_291177988.png,640,480
d9,118,0,152,378,1689194913_794164181.png,640,480
d9,82,0,169,371,1689194914_296195745.png,640,480
d9,24,3,186,383,1689194914_796565056.png,640,480
d9,0,0,85,400,1689194915_296934128.png,640,480
d9,0,0,187,468,1689194919_319006920.png,640,480
d9,96,0,246,477,1689194919_822949171.png,640,480
d9,172,1,250,479,1689194920_327291012.png,640,480
d9,312,3,326,477,1689194920_834377527.png,640,480
d9,396,4,242,476,1689194921_341187477.png,640,480
d10,0,0,45,412,1689194921_341187477.png,640,480
d10,21,0,66,429,1689194921_844822884.png,640,480
d9,460,2,180,478,1689194921_844822884.png,640,480
d11,248,169,16,173,1689194921_844822884.png,640,480
d9,508,4,132,476,1689194922_348436356.png,640,480
d10,0,0,106,439,1689194922_348436356.png,640,480
d11,267,159,16,172,1689194922_348436356.png,640,480
d10,0,0,98,446,1689194922_852062941.png,640,480
d9,556,3,84,477,1689194922_852062941.png,640,480
d11,282,154,11,179,1689194922_852062941.png,640,480
d10,0,0,94,443,1689194923_355662107.png,640,480
d11,284,149,15,189,1689194923_355662107.png,640,480
d11,293,147,11,185,1689194923_859270573.png,640,480
d10,0,0,101,433,1689194923_859270573.png,640,480
d10,0,0,77,429,1689194924_362867117.png,640,480
d11,295,142,14,190,1689194924_362867117.png,640,480
d11,298,140,14,196,1689194924_866497278.png,640,480
d10,0,0,77,448,1689194924_866497278.png,640,480
d10,0,0,55,445,1689194925_370114803.png,640,480
d11,302,143,17,207,1689194925_370114803.png,640,480
d11,310,130,15,211,1689194925_873762369.png,640,480
d10,0,0,39,450,1689194925_873762369.png,640,480
d11,308,117,24,224,1689194926_377469540.png,640,480
d11,315,112,18,232,1689194926_880782366.png,640,480
d12,296,193,11,129,1689194926_880782366.png,640,480
d12,344,192,5,147,1689194927_384350538.png,640,480
d11,360,115,20,234,1689194927_384350538.png,640,480
d11,388,104,25,249,1689194927_884061337.png,640,480
d12,369,187,12,148,1689194927_884061337.png,640,480
d11,409,94,27,268,1689194928_386570692.png,640,480
d12,386,191,14,141,1689194928_386570692.png,640,480
d11,415,79,35,275,1689194928_889887810.png,640,480
d12,397,179,14,155,1689194928_889887810.png,640,480
d11,431,72,35,289,1689194929_393134832.png,640,480
d12,406,183,14,155,1689194929_393134832.png,640,480
d11,426,66,40,291,1689194929_493798971.png,640,480
d12,408,188,12,151,1689194929_493798971.png,640,480
d11,461,0,74,421,1689194936_576081514.png,640,480
d12,370,111,14,221,1689194936_576081514.png,640,480
d13,267,171,7,155,1689194936_576081514.png,640,480
d14,352,178,9,146,1689194936_576081514.png,640,480
d11,471,0,110,448,1689194937_578670263.png,640,480
d13,257,171,12,157,1689194937_578670263.png,640,480
d12,364,104,21,236,1689194937_578670263.png,640,480
d14,344,176,12,149,1689194937_578670263.png,640,480
d15,268,199,13,117,1689194937_578670263.png,640,480
d13,256,173,16,156,1689194937_77623844.png,640,480
d11,449,3,112,433,1689194937_77623844.png,640,480
d12,360,111,28,233,1689194937_77623844.png,640,480
d14,344,180,10,152,1689194937_77623844.png,640,480
d15,271,204,11,122,1689194937_77623844.png,640,480
d11,502,0,138,466,1689194938_578651190.png,640,480
d13,253,167,15,168,1689194938_578651190.png,640,480
d12,367,93,25,254,1689194938_578651190.png,640,480
d14,346,175,12,159,1689194938_578651190.png,640,480
d15,268,201,11,128,1689194938_578651190.png,640,480
d13,258,164,11,163,1689194938_78665495.png,640,480
d11,487,0,153,458,1689194938_78665495.png,640,480
d12,363,88,25,254,1689194938_78665495.png,640,480
d14,346,173,10,156,1689194938_78665495.png,640,480
d15,267,194,14,131,1689194938_78665495.png,640,480
d11,553,0,87,469,1689194939_584375381.png,640,480
d13,250,155,14,171,1689194939_584375381.png,640,480
d12,372,66,25,281,1689194939_584375381.png,640,480
d14,349,164,11,159,1689194939_584375381.png,640,480
d15,265,189,15,128,1689194939_584375381.png,640,480
d11,529,0,111,477,1689194939_80799103.png,640,480
d13,255,164,9,166,1689194939_80799103.png,640,480
d12,366,70,29,274,1689194939_80799103.png,640,480
d14,347,171,13,159,1689194939_80799103.png,640,480
d15,267,191,14,133,1689194939_80799103.png,640,480
d13,253,147,9,187,1689194940_588163614.png,640,480
d12,371,43,32,298,1689194940_588163614.png,640,480
d14,350,162,14,170,1689194940_588163614.png,640,480
d15,269,188,5,141,1689194940_588163614.png,640,480
d13,253,149,10,183,1689194940_86511374.png,640,480
d11,585,3,55,469,1689194940_86511374.png,640,480
d12,373,54,25,293,1689194940_86511374.png,640,480
d14,351,162,10,162,1689194940_86511374.png,640,480
d15,267,193,9,129,1689194940_86511374.png,640,480
d13,250,144,13,195,1689194941_595315695.png,640,480
d12,384,20,32,335,1689194941_595315695.png,640,480
d14,356,154,14,181,1689194941_595315695.png,640,480
d15,272,186,7,144,1689194941_595315695.png,640,480
d13,250,149,12,188,1689194941_91734648.png,640,480
d12,378,35,29,318,1689194941_91734648.png,640,480
d14,349,155,14,174,1689194941_91734648.png,640,480
d15,272,188,6,145,1689194941_91734648.png,640,480
d13,253,143,14,206,1689194942_596850157.png,640,480
d12,387,6,42,368,1689194942_596850157.png,640,480
d14,363,160,14,187,1689194942_596850157.png,640,480
d15,273,189,11,139,1689194942_596850157.png,640,480
d13,256,140,9,202,1689194942_96034765.png,640,480
d12,385,7,42,358,1689194942_96034765.png,640,480
d14,364,161,12,177,1689194942_96034765.png,640,480
d15,275,190,11,141,1689194942_96034765.png,640,480
d13,250,128,13,218,1689194943_600188971.png,640,480
d12,406,3,43,378,1689194943_600188971.png,640,480
d14,367,150,17,186,1689194943_600188971.png,640,480
d15,276,183,10,151,1689194943_600188971.png,640,480
d12,393,1,47,361,1689194943_98851681.png,640,480
d13,253,138,11,201,1689194943_98851681.png,640,480
d14,367,152,14,183,1689194943_98851681.png,640,480
d15,277,183,8,150,1689194943_98851681.png,640,480
d15,276,180,6,153,1689194944_100511551.png,640,480
d14,368,137,19,198,1689194944_100511551.png,640,480
d13,247,122,14,220,1689194944_100511551.png,640,480
d12,410,3,46,373,1689194944_100511551.png,640,480
d12,424,0,34,395,1689194944_400704145.png,640,480
d13,246,117,19,230,1689194944_400704145.png,640,480
d14,361,133,28,208,1689194944_400704145.png,640,480
d15,275,174,10,161,1689194944_400704145.png,640,480
d13,231,6,29,361,1689194951_439228058.png,640,480
d14,437,25,37,334,1689194951_439228058.png,640,480
d15,290,110,17,231,1689194951_439228058.png,640,480
d13,222,1,42,375,1689194951_939604998.png,640,480
d14,444,5,34,361,1689194951_939604998.png,640,480
d15,290,113,13,230,1689194951_939604998.png,640,480
d13,214,2,44,386,1689194952_439984322.png,640,480
d14,448,2,49,359,1689194952_439984322.png,640,480
d15,292,101,17,245,1689194952_439984322.png,640,480
d15,291,92,20,253,1689194952_940324783.png,640,480
d14,469,0,27,369,1689194952_940324783.png,640,480
d13,202,0,60,384,1689194952_940324783.png,640,480
d13,201,0,47,409,1689194953_440663338.png,640,480
d14,484,0,30,367,1689194953_440663338.png,640,480
d15,291,99,14,245,1689194953_440663338.png,640,480
d15,286,79,23,267,1689194953_940996647.png,640,480
d14,481,1,56,371,1689194953_940996647.png,640,480
d13,186,0,70,394,1689194953_940996647.png,640,480
d13,177,0,61,429,1689194954_441328764.png,640,480
d14,499,0,48,385,1689194954_441328764.png,640,480
d15,289,68,15,281,1689194954_441328764.png,640,480
d15,287,68,19,292,1689194954_941676855.png,640,480
d14,510,0,59,382,1689194954_941676855.png,640,480
d13,164,0,72,425,1689194954_941676855.png,640,480
d13,164,0,83,442,1689194955_442023039.png,640,480
d15,304,51,21,302,1689194955_442023039.png,640,480
d14,544,0,67,391,1689194955_442023039.png,640,480
d14,599,2,41,381,1689194955_942352295.png,640,480
d15,338,39,30,313,1689194955_942352295.png,640,480
d13,188,0,88,448,1689194955_942352295.png,640,480
d13,349,0,88,436,1689194956_442680597.png,640,480
d15,499,12,41,330,1689194956_442680597.png,640,480
d16,86,99,22,247,1689194957_958848238.png,640,480
d17,230,126,17,213,1689194957_958848238.png,640,480
d16,230,94,14,258,1689194958_467172623.png,640,480
d17,360,144,19,191,1689194958_467172623.png,640,480
d18,262,180,10,153,1689194958_467172623.png,640,480
d19,344,201,7,122,1689194958_467172623.png,640,480
d20,283,230,6,97,1689194958_467172623.png,640,480
d21,334,231,10,92,1689194958_467172623.png,640,480
d19,358,198,8,125,1689194958_971985579.png,640,480
d18,276,180,6,153,1689194958_971985579.png,640,480
d17,378,129,18,209,1689194958_971985579.png,640,480
d16,239,82,14,277,1689194958_971985579.png,640,480
d20,295,229,6,90,1689194958_971985579.png,640,480
d21,347,225,10,98,1689194958_971985579.png,640,480
d16,239,80,19,268,1689194959_474890947.png,640,480
d17,383,130,16,211,1689194959_474890947.png,640,480
d18,278,178,11,162,1689194959_474890947.png,640,480
d19,363,203,11,129,1689194959_474890947.png,640,480
d20,302,235,5,92,1689194959_474890947.png,640,480
d21,352,229,11,101,1689194959_474890947.png,640,480
d16,240,73,17,282,1689194959_977821589.png,640,480
d17,385,118,26,232,1689194959_977821589.png,640,480
d19,369,195,8,135,1689194959_977821589.png,640,480
d18,279,177,12,162,1689194959_977821589.png,640,480
d20,304,233,5,94,1689194959_977821589.png,640,480
d21,356,234,14,97,1689194959_977821589.png,640,480
d16,243,65,17,283,1689194960_480684042.png,640,480
d17,399,111,19,227,1689194960_480684042.png,640,480
d18,287,166,9,166,1689194960_480684042.png,640,480
d19,375,189,11,134,1689194960_480684042.png,640,480
d20,313,226,5,95,1689194960_480684042.png,640,480
d21,367,227,8,94,1689194960_480684042.png,640,480
d19,379,189,12,143,1689194960_983719349.png,640,480
d18,287,163,12,172,1689194960_983719349.png,640,480
d17,403,106,23,239,1689194960_983719349.png,640,480
d16,240,50,21,299,1689194960_983719349.png,640,480
d20,313,226,5,98,1689194960_983719349.png,640,480
d21,369,223,10,102,1689194960_983719349.png,640,480
d16,241,41,24,324,1689194961_486653090.png,640,480
d17,406,96,28,253,1689194961_486653090.png,640,480
d18,287,164,15,171,1689194961_486653090.png,640,480
d19,384,188,8,138,1689194961_486653090.png,640,480
d20,312,224,14,99,1689194961_486653090.png,640,480
d21,373,224,8,99,1689194961_486653090.png,640,480
d16,230,23,17,333,1689194961_986523628.png,640,480
d17,404,99,20,247,1689194961_986523628.png,640,480
d18,282,158,7,173,1689194961_986523628.png,640,480
d19,374,186,14,144,1689194961_986523628.png,640,480
d20,305,223,10,98,1689194961_986523628.png,640,480
d21,362,222,11,98,1689194961_986523628.png,640,480
d19,341,186,8,142,1689194962_485864639.png,640,480
d18,240,155,14,178,1689194962_485864639.png,640,480
d17,369,94,27,255,1689194962_485864639.png,640,480
d16,184,17,23,347,1689194962_485864639.png,640,480
d20,271,223,8,98,1689194962_485864639.png,640,480
d21,329,226,8,93,1689194962_485864639.png,640,480
d16,152,6,26,370,1689194962_986012220.png,640,480
d17,347,83,31,270,1689194962_986012220.png,640,480
d18,221,150,13,192,1689194962_986012220.png,640,480
d19,321,184,14,146,1689194962_986012220.png,640,480
d20,248,226,11,103,1689194962_986012220.png,640,480
d21,310,226,10,107,1689194962_986012220.png,640,480
d19,321,180,14,151,1689194963_489002943.png,640,480
d18,219,140,13,199,1689194963_489002943.png,640,480
d17,347,75,32,277,1689194963_489002943.png,640,480
d16,146,3,25,363,1689194963_489002943.png,640,480
d20,248,219,10,101,1689194963_489002943.png,640,480
d21,311,217,10,105,1689194963_489002943.png,640,480
d16,120,0,56,378,1689194963_988448143.png,640,480
d17,349,65,32,294,1689194963_988448143.png,640,480
d18,217,132,12,211,1689194963_988448143.png,640,480
d19,320,171,14,162,1689194963_988448143.png,640,480
d20,250,219,6,101,1689194963_988448143.png,640,480
d21,308,219,14,111,1689194963_988448143.png,640,480
d19,323,180,14,157,1689194964_487842321.png,640,480
d18,211,137,17,207,1689194964_487842321.png,640,480
d17,352,53,43,311,1689194964_487842321.png,640,480
d16,106,0,69,395,1689194964_487842321.png,640,480
d20,248,218,12,116,1689194964_487842321.png,640,480
d21,308,220,19,112,1689194964_487842321.png,640,480
d16,100,0,63,393,1689194964_987303019.png,640,480
d17,360,43,35,316,1689194964_987303019.png,640,480
d18,214,124,14,214,1689194964_987303019.png,640,480
d19,327,169,14,162,1689194964_987303019.png,640,480
d20,254,216,7,107,1689194964_987303019.png,640,480
d21,316,214,12,106,1689194964_987303019.png,640,480
d19,327,169,15,167,1689194965_486723185.png,640,480
d18,211,118,17,223,1689194965_486723185.png,640,480
d17,361,22,36,341,1689194965_486723185.png,640,480
d16,85,0,47,402,1689194965_486723185.png,640,480
d20,253,216,5,106,1689194965_486723185.png,640,480
d21,315,210,14,115,1689194965_486723185.png,640,480
d16,72,0,61,403,1689194965_719793320.png,640,480
d17,363,18,36,339,1689194965_719793320.png,640,480
d18,211,113,13,227,1689194965_719793320.png,640,480
d19,331,168,10,162,1689194965_719793320.png,640,480
d20,252,213,9,111,1689194965_719793320.png,640,480
d21,315,208,14,113,1689194965_719793320.png,640,480
d18,238,3,35,357,1689194972_674681664.png,640,480
d19,442,90,21,243,1689194972_674681664.png,640,480
d20,333,180,9,149,1689194972_674681664.png,640,480
d21,412,180,15,138,1689194972_674681664.png,640,480
d21,417,181,13,144,1689194973_175971985.png,640,480
d20,335,184,6,143,1689194973_175971985.png,640,480
d19,443,75,26,267,1689194973_175971985.png,640,480
d18,236,3,30,361,1689194973_175971985.png,640,480
d18,231,2,42,379,1689194973_677772284.png,640,480
d19,445,60,32,284,1689194973_677772284.png,640,480
d20,335,178,14,145,1689194973_677772284.png,640,480
d21,421,179,14,148,1689194973_677772284.png,640,480
d21,426,173,13,153,1689194974_179753780.png,640,480
d20,340,176,14,152,1689194974_179753780.png,640,480
d19,453,63,32,283,1689194974_179753780.png,640,480
d18,231,0,45,377,1689194974_179753780.png,640,480
d18,217,0,40,393,1689194974_684243679.png,640,480
d19,465,54,15,305,1689194974_684243679.png,640,480
d20,340,180,14,153,1689194974_684243679.png,640,480
d21,425,175,22,157,1689194974_684243679.png,640,480
d21,431,177,18,153,1689194975_186010361.png,640,480
d20,341,174,16,159,1689194975_186010361.png,640,480
d19,462,42,43,314,1689194975_186010361.png,640,480
d18,211,0,47,409,1689194975_186010361.png,640,480
d18,208,0,43,400,1689194975_685839653.png,640,480
d19,477,3,23,358,1689194975_685839653.png,640,480
d20,347,170,7,157,1689194975_685839653.png,640,480
d21,438,169,16,157,1689194975_685839653.png,640,480
d21,424,157,19,172,1689194976_185703993.png,640,480
d20,331,161,14,169,1689194976_185703993.png,640,480
d19,462,10,52,343,1689194976_185703993.png,640,480
d18,179,0,57,406,1689194976_185703993.png,640,480
d18,154,0,65,437,1689194976_685515404.png,640,480
d19,465,13,50,347,1689194976_685515404.png,640,480
d20,325,168,9,168,1689194976_685515404.png,640,480
d21,419,166,15,166,1689194976_685515404.png,640,480
d21,381,163,16,172,1689194977_189222813.png,640,480
d20,285,165,12,171,1689194977_189222813.png,640,480
d19,422,10,42,348,1689194977_189222813.png,640,480
d18,78,0,83,435,1689194977_189222813.png,640,480
d18,5,0,111,462,1689194977_694592714.png,640,480
d19,406,3,50,357,1689194977_694592714.png,640,480
d20,260,161,9,176,1689194977_694592714.png,640,480
d21,358,159,17,167,1689194977_694592714.png,640,480
d21,354,152,15,184,1689194978_195631504.png,640,480
d20,248,154,17,181,1689194978_195631504.png,640,480
d19,409,0,34,365,1689194978_195631504.png,640,480
d18,0,0,89,458,1689194978_195631504.png,640,480
d18,0,0,60,467,1689194978_694852352.png,640,480
d19,412,0,42,375,1689194978_694852352.png,640,480
d20,248,152,14,179,1689194978_694852352.png,640,480
d21,351,147,19,187,1689194978_694852352.png,640,480
d21,356,142,14,186,1689194979_195105314.png,640,480
d20,243,144,15,190,1689194979_195105314.png,640,480
d19,412,0,54,375,1689194979_195105314.png,640,480
d18,0,0,31,462,1689194979_195105314.png,640,480
d19,437,0,37,377,1689194979_697940350.png,640,480
d20,246,141,14,197,1689194979_697940350.png,640,480
d21,359,148,14,182,1689194979_697940350.png,640,480
d21,363,136,12,206,1689194980_200843573.png,640,480
d20,245,139,13,200,1689194980_200843573.png,640,480
d19,433,0,60,388,1689194980_200843573.png,640,480
d19,440,0,66,402,1689194980_703687429.png,640,480
d20,239,129,14,214,1689194980_703687429.png,640,480
d21,359,137,23,202,1689194980_703687429.png,640,480
d21,366,137,17,208,1689194981_206592083.png,640,480
d20,239,128,19,217,1689194981_206592083.png,640,480
d19,450,0,85,412,1689194981_206592083.png,640,480
d19,465,0,97,427,1689194981_709415436.png,640,480
d20,240,121,16,227,1689194981_709415436.png,640,480
d21,366,125,19,214,1689194981_709415436.png,640,480
d21,366,122,25,216,1689194982_212346792.png,640,480
d20,239,114,14,230,1689194982_212346792.png,640,480
d19,481,0,123,446,1689194982_212346792.png,640,480
d19,494,0,146,478,1689194982_715187311.png,640,480
d20,240,109,12,240,1689194982_715187311.png,640,480
d21,370,115,24,228,1689194982_715187311.png,640,480
d21,371,107,29,237,1689194983_218143225.png,640,480
d20,237,99,14,253,1689194983_218143225.png,640,480
d19,516,0,124,468,1689194983_218143225.png,640,480
d19,537,0,103,469,1689194983_721002817.png,640,480
d20,231,93,16,263,1689194983_721002817.png,640,480
d21,378,104,21,244,1689194983_721002817.png,640,480
d21,381,101,21,251,1689194984_227286577.png,640,480
d20,231,90,18,273,1689194984_227286577.png,640,480
d19,564,3,76,474,1689194984_227286577.png,640,480
d20,232,82,18,273,1689194984_735878944.png,640,480
d21,391,91,18,265,1689194984_735878944.png,640,480
d21,393,74,21,271,1689194985_242346525.png,640,480
d20,230,63,23,278,1689194985_242346525.png,640,480
d20,228,56,23,296,1689194985_747899055.png,640,480
d21,395,68,24,280,1689194985_747899055.png,640,480
d21,397,58,27,279,1689194986_252141476.png,640,480
d20,227,42,21,312,1689194986_252141476.png,640,480
d20,219,40,24,324,1689194986_757119417.png,640,480
d21,401,39,36,323,1689194986_757119417.png,640,480
d21,406,35,34,333,1689194987_259354353.png,640,480
d20,214,20,29,342,1689194987_259354353.png,640,480
d20,214,24,22,357,1689194987_757999182.png,640,480
d21,417,29,25,335,1689194987_757999182.png,640,480
d21,423,7,40,354,1689194988_256647110.png,640,480
d20,207,7,32,361,1689194988_256647110.png,640,480
d20,195,0,37,366,1689194988_755318165.png,640,480
d21,415,0,45,359,1689194988_755318165.png,640,480
d21,440,0,29,374,1689194989_253989220.png,640,480
d20,193,4,37,379,1689194989_253989220.png,640,480
d20,181,0,45,378,1689194989_752680779.png,640,480
d21,446,0,33,374,1689194989_752680779.png,640,480
d21,454,0,38,384,1689194990_251369238.png,640,480
d20,157,0,67,385,1689194990_251369238.png,640,480
d20,156,0,62,399,1689194990_750075817.png,640,480
d21,462,0,52,393,1689194990_750075817.png,640,480
d21,472,0,50,417,1689194991_248769760.png,640,480
d20,148,0,56,403,1689194991_248769760.png,640,480
d20,123,0,67,410,1689194991_747469425.png,640,480
d21,490,0,51,412,1689194991_747469425.png,640,480
d21,495,0,75,419,1689194992_246158123.png,640,480
d20,113,0,68,421,1689194992_246158123.png,640,480
d20,82,0,105,433,1689194992_744854689.png,640,480
d21,506,0,98,438,1689194992_744854689.png,640,480
d21,527,0,113,446,1689194993_247739077.png,640,480
d20,60,0,99,453,1689194993_247739077.png,640,480
d20,16,0,133,475,1689194993_753257990.png,640,480
d21,543,0,97,449,1689194993_753257990.png,640,480
d21,564,0,76,452,1689194994_259310722.png,640,480
d20,0,0,134,472,1689194994_259310722.png,640,480
d20,0,0,110,472,1689194994_767996311.png,640,480
d21,603,0,37,449,1689194994_767996311.png,640,480
d20,0,0,109,471,1689194995_275181770.png,640,480
d20,0,0,49,474,1689194995_777425528.png,640,480
d1,87,38,29,330,1689195013_895264149.png,640,480
d1,137,22,31,348,1689195014_401896954.png,640,480
d1,282,36,31,332,1689195014_908837318.png,640,480
d2,95,98,14,254,1689195014_908837318.png,640,480
d3,139,194,20,147,1689195014_908837318.png,640,480
d3,249,181,13,146,1689195015_415523052.png,640,480
d2,203,77,19,263,1689195015_415523052.png,640,480
d1,385,5,42,356,1689195015_415523052.png,640,480
d1,515,1,36,373,1689195015_919459581.png,640,480
d2,320,92,23,261,1689195015_919459581.png,640,480
d3,361,179,26,156,1689195015_919459581.png,640,480
d3,488,161,28,172,1689195016_423400164.png,640,480
d2,441,54,32,292,1689195016_423400164.png,640,480
d2,520,32,29,320,1689195016_927361012.png,640,480
d3,573,159,19,176,1689195016_927361012.png,640,480
d3,483,150,21,184,1689195017_431320906.png,640,480
d2,443,39,23,319,1689195017_431320906.png,640,480
d2,334,51,14,296,1689195017_935272455.png,640,480
d3,373,179,12,152,1689195017_935272455.png,640,480
d1,601,0,39,381,1689195017_935272455.png,640,480
d1,464,0,75,414,1689195018_439223051.png,640,480
d2,207,39,12,327,1689195018_439223051.png,640,480
d3,247,176,15,166,1689195018_439223051.png,640,480
d1,418,0,80,421,1689195018_943169355.png,640,480
d2,137,24,20,350,1689195018_943169355.png,640,480
d3,192,171,11,173,1689195018_943169355.png,640,480
d1,380,0,91,435,1689195019_447117329.png,640,480
d2,65,9,41,359,1689195019_447117329.png,640,480
d3,146,140,11,209,1689195019_447117329.png,640,480
d3,123,135,15,214,1689195019_951071262.png,640,480
d2,44,3,45,382,1689195019_951071262.png,640,480
d1,365,0,125,455,1689195019_951071262.png,640,480
d1,371,0,128,469,1689195020_455023050.png,640,480
d2,22,1,33,383,1689195020_455023050.png,640,480
d3,116,137,22,215,1689195020_455023050.png,640,480
d3,202,128,24,210,1689195020_958966255.png,640,480
d2,107,0,50,386,1689195020_958966255.png,640,480
d1,480,0,160,477,1689195020_958966255.png,640,480
d1,544,0,96,477,1689195021_462974310.png,640,480
d2,142,0,43,391,1689195021_462974310.png,640,480
d3,244,120,20,222,1689195021_462974310.png,640,480
d3,258,118,21,223,1689195021_965255260.png,640,480
d2,135,0,70,392,1689195021_965255260.png,640,480
d1,585,0,55,460,1689195021_965255260.png,640,480
d3,270,106,24,233,1689195022_468455553.png,640,480
d2,155,0,45,388,1689195022_468455553.png,640,480
d2,161,0,60,402,1689195022_972356319.png,640,480
d3,294,113,28,227,1689195022_972356319.png,640,480
d3,318,93,25,251,1689195023_476248980.png,640,480
d2,175,0,73,406,1689195023_476248980.png,640,480
d2,183,0,87,416,1689195023_980127335.png,640,480
d3,347,94,23,247,1689195023_980127335.png,640,480
d3,356,78,21,266,1689195024_483527184.png,640,480
d2,179,3,82,411,1689195024_483527184.png,640,480
d2,162,0,103,450,1689195024_983816862.png,640,480
d3,363,82,23,263,1689195024_983816862.png,640,480
d3,361,68,27,275,1689195025_484103918.png,640,480
d2,134,0,117,458,1689195025_484103918.png,640,480
d2,104,0,158,475,1689195025_984405279.png,640,480
d3,369,58,24,292,1689195025_984405279.png,640,480
d3,240,53,20,301,1689195026_484706163.png,640,480
d2,0,0,88,472,1689195026_484706163.png,640,480
d3,211,22,26,337,1689195026_985027313.png,640,480
d3,207,18,27,344,1689195027_487742662.png,640,480
d3,203,5,28,361,1689195027_989483833.png,640,480
d3,195,3,42,367,1689195028_489781380.png,640,480
d3,190,3,38,372,1689195028_990078211.png,640,480
d3,175,0,57,386,1689195029_490369797.png,640,480
d3,166,0,63,389,1689195029_992340088.png,640,480
d3,153,0,63,397,1689195030_495267391.png,640,480
d3,138,0,70,410,1689195030_995565176.png,640,480
d3,131,0,76,416,1689195031_495858192.png,640,480
d3,103,0,88,421,1689195031_996149302.png,640,480
d3,96,0,93,437,1689195032_496438742.png,640,480
d3,95,0,97,427,1689195032_996742725.png,640,480
d3,89,0,106,442,1689195033_500407696.png,640,480
d3,72,0,112,449,1689195034_36968470.png,640,480
d3,61,0,125,453,1689195034_537285328.png,640,480
d3,46,0,136,460,1689195035_37583113.png,640,480
d3,30,0,146,465,1689195035_537875652.png,640,480
d3,0,0,162,477,1689195036_571806192.png,640,480
d3,7,0,157,470,1689195036_71517229.png,640,480
d3,0,0,151,471,1689195037_572484732.png,640,480
d3,0,2,154,478,1689195037_72100878.png,640,480
d3,0,0,128,479,1689195038_573605776.png,640,480
d3,0,0,130,478,1689195038_73073864.png,640,480
d3,0,0,77,479,1689195039_574315071.png,640,480
d3,0,0,102,478,1689195039_73963404.png,640,480
d3,0,2,58,478,1689195040_74652672.png,640,480
d4,604,0,36,374,1689195040_74652672.png,640,480
d5,22,0,75,373,1689195044_585883141.png,640,480
d5,428,0,100,380,1689195045_586591482.png,640,480
d5,226,0,72,378,1689195045_86239576.png,640,480
d7,453,172,26,155,1689195046_587278843.png,640,480
d8,426,207,18,116,1689195046_587278843.png,640,480
d8,340,215,14,109,1689195046_86934566.png,640,480
d7,361,175,26,155,1689195046_86934566.png,640,480
d5,517,0,123,385,1689195046_86934566.png,640,480
d7,462,166,20,164,1689195047_587971210.png,640,480
d8,432,205,17,111,1689195047_587971210.png,640,480
d7,606,158,31,169,1689195047_87625504.png,640,480
d8,572,193,26,128,1689195047_87625504.png,640,480
d8,143,208,14,113,1689195048_588660002.png,640,480
d7,175,160,14,176,1689195048_588660002.png,640,480
d5,393,0,144,394,1689195048_588660002.png,640,480
d5,457,0,168,394,1689195048_88315010.png,640,480
d7,240,157,20,166,1689195048_88315010.png,640,480
d8,215,197,6,124,1689195048_88315010.png,640,480
d5,156,0,154,425,1689195049_589357615.png,640,480
d5,305,0,163,421,1689195049_89007616.png,640,480
d7,95,161,10,178,1689195049_89007616.png,640,480
d8,60,204,10,131,1689195049_89007616.png,640,480
d5,424,0,216,448,1689195050_590068817.png,640,480
d7,215,161,11,175,1689195050_590068817.png,640,480
d5,183,0,180,429,1689195050_89713573.png,640,480
d7,578,126,28,198,1689195051_590770006.png,640,480
d8,546,180,20,138,1689195051_590770006.png,640,480
d7,445,159,29,168,1689195051_90421438.png,640,480
d8,421,196,17,131,1689195051_90421438.png,640,480
d8,625,183,15,140,1689195052_91110468.png,640,480
d8,584,155,27,182,1689195057_594949245.png,640,480
d8,517,154,29,180,1689195058_595668793.png,640,480
d8,536,157,23,184,1689195058_95309973.png,640,480
d8,536,147,30,192,1689195059_596372843.png,640,480
d8,535,145,32,190,1689195059_96022606.png,640,480
d8,542,133,31,204,1689195060_597059011.png,640,480
d8,532,140,39,195,1689195060_96715927.png,640,480
d8,567,119,40,213,1689195061_597750187.png,640,480
d8,547,126,38,206,1689195061_97403288.png,640,480
d8,527,88,45,256,1689195066_100865841.png,640,480
d8,325,100,29,239,1689195066_601207018.png,640,480
d7,549,0,91,366,1689195066_601207018.png,640,480
d7,197,0,144,389,1689195067_101552248.png,640,480
d6,416,0,224,384,1689195067_604055405.png,640,480
d6,193,0,229,395,1689195068_107994795.png,640,480
d6,198,0,223,403,1689195068_611943722.png,640,480
d6,249,0,202,398,1689195069_115907192.png,640,480
d6,238,0,209,393,1689195069_619864702.png,640,480
d6,269,0,209,383,1689195070_123813868.png,640,480
d6,430,0,210,388,1689195070_661360979.png,640,480
d7,0,0,138,402,1689195071_164833069.png,640,480
d7,72,0,154,398,1689195071_665185213.png,640,480
d7,204,0,137,384,1689195072_165537596.png,640,480
d7,288,0,134,385,1689195072_665886641.png,640,480
d8,70,76,34,274,1689195072_665886641.png,640,480
d8,67,71,33,285,1689195073_166233301.png,640,480
d7,294,0,131,397,1689195073_166233301.png,640,480
d7,293,0,151,402,1689195073_669222355.png,640,480
d8,80,72,34,284,1689195073_669222355.png,640,480
d8,367,89,45,255,1689195074_173175335.png,640,480
d8,371,0,204,400,1689195084_743768454.png,640,480
d8,257,0,195,396,1689195085_247717619.png,640,480
d8,241,0,201,396,1689195085_751672506.png,640,480
d8,255,0,211,412,1689195086_255630732.png,640,480
d8,330,0,243,427,1689195086_759585381.png,640,480
d8,519,0,121,446,1689195087_263539791.png,640,480
d9,26,184,11,148,1689195087_767482519.png,640,480
d9,101,192,12,133,1689195088_271420956.png,640,480
d9,174,192,17,138,1689195088_775368214.png,640,480
d9,260,192,13,135,1689195089_278359175.png,640,480
d9,338,188,18,134,1689195089_778717041.png,640,480
d9,424,182,21,144,1689195090_279078484.png,640,480
d9,484,172,15,152,1689195090_779441118.png,640,480
d9,498,164,17,159,1689195091_279806137.png,640,480
d9,506,169,16,157,1689195091_780159712.png,640,480
d9,512,164,20,162,1689195092_283868313.png,640,480
d9,521,161,21,166,1689195092_787101030.png,640,480
d9,489,164,19,163,1689195093_287455559.png,640,480
d9,376,161,9,164,1689195093_787808657.png,640,480
d9,154,154,18,172,1689195094_288161039.png,640,480
d9,44,147,11,192,1689195094_788510323.png,640,480
d9,33,149,17,193,1689195095_288858891.png,640,480
d9,20,146,18,199,1689195095_789202213.png,640,480
d9,13,143,23,214,1689195096_289543629.png,640,480
d9,0,137,32,209,1689195096_789898634.png,640,480
d9,0,135,22,217,1689195097_290257931.png,640,480
d9,0,0,91,361,1689195107_300476789.png,640,480
d9,20,15,149,352,1689195107_800818443.png,640,480
d9,78,0,159,372,1689195108_301156998.png,640,480
d9,243,0,167,366,1689195108_801509857.png,640,480
d9,357,0,170,371,1689195109_301867008.png,640,480
d9,344,0,178,374,1689195109_802222490.png,640,480
d9,261,0,180,385,1689195110_302577972.png,640,480
d9,174,0,192,385,1689195110_802926779.png,640,480
d9,53,0,231,387,1689195111_303273439.png,640,480
d9,15,0,255,407,1689195111_803624153.png,640,480
d9,0,0,269,408,1689195112_303976297.png,640,480
d9,0,0,254,414,1689195112_806493759.png,640,480
d9,0,0,244,432,1689195113_308533907.png,640,480
d9,0,0,243,447,1689195113_808878899.png,640,480
d9,0,0,273,465,1689195114_309218884.png,640,480
d9,33,0,345,477,1689195114_809563875.png,640,480
d9,147,3,398,477,1689195115_309909821.png,640,480
d9,250,3,390,477,1689195115_810243368.png,640,480
d9,313,0,327,477,1689195116_310572624.png,640,480
d9,328,0,312,475,1689195116_810924768.png,640,480
d9,373,3,267,477,1689195117_311284542.png,640,480
d9,460,3,180,477,1689195117_811628342.png,640,480
d9,565,3,75,477,1689195118_311967373.png,640,480
d10,0,0,137,458,1689195118_812296867.png,640,480
d11,354,147,23,185,1689195118_812296867.png,640,480
d10,0,0,279,478,1689195119_312622309.png,640,480
d11,493,125,22,209,1689195119_312622309.png,640,480
d11,517,122,28,220,1689195119_812972069.png,640,480
d10,0,0,296,477,1689195119_812972069.png,640,480
d10,0,0,253,477,1689195120_313329935.png,640,480
d11,479,122,23,214,1689195120_313329935.png,640,480
d10,0,0,168,471,1689195122_815056801.png,640,480
d10,0,0,477,480,1689195123_315395117.png,640,480
d10,0,0,549,478,1689195123_815726757.png,640,480
d10,2,2,638,478,1689195124_316055775.png,640,480
d10,0,3,640,477,1689195124_816405058.png,640,480
d10,0,2,640,478,1689195125_316761017.png,640,480
d10,0,1,640,479,1689195125_817102671.png,640,480
d10,0,0,460,477,1689195126_317440510.png,640,480
d10,0,0,245,480,1689195126_817783117.png,640,480
d11,446,104,16,246,1689195127_318127394.png,640,480
d11,302,106,20,250,1689195127_818486691.png,640,480
d11,194,76,23,287,1689195128_318850756.png,640,480
d11,341,66,37,274,1689195128_819212914.png,640,480
d11,499,36,35,313,1689195129_319575548.png,640,480
d12,457,156,22,159,1689195129_319575548.png,640,480
d12,533,150,23,171,1689195129_819917917.png,640,480
d11,580,7,50,342,1689195129_819917917.png,640,480
d12,564,143,25,182,1689195130_320254326.png,640,480
d12,612,129,28,199,1689195130_820596457.png,640,480
d12,610,118,26,207,1689195131_821279526.png,640,480
d12,545,125,22,205,1689195132_321616888.png,640,480
d12,502,131,20,199,1689195132_821962595.png,640,480
d11,608,0,32,366,1689195132_821962595.png,640,480
d11,564,0,76,388,1689195133_322311163.png,640,480
d12,460,133,26,199,1689195133_322311163.png,640,480
d12,461,119,31,209,1689195133_822659969.png,640,480
d11,575,0,65,363,1689195133_822659969.png,640,480
d11,597,0,43,380,1689195134_323009014.png,640,480
d12,471,116,27,221,1689195134_323009014.png,640,480
d12,462,115,29,222,1689195134_823343515.png,640,480
d11,597,3,43,380,1689195134_823343515.png,640,480
d14,425,186,20,137,1689195134_823343515.png,640,480
d14,431,183,14,140,1689195135_325112581.png,640,480
d12,470,111,31,226,1689195135_325112581.png,640,480
d12,477,113,30,229,1689195135_829058170.png,640,480
d14,434,180,17,148,1689195135_829058170.png,640,480
d14,419,184,12,144,1689195136_333008766.png,640,480
d12,465,105,18,237,1689195136_333008766.png,640,480
d12,434,96,32,249,1689195136_836944818.png,640,480
d14,395,181,14,144,1689195136_836944818.png,640,480
d12,456,74,34,276,1689195137_340877295.png,640,480
d14,410,173,20,152,1689195137_340877295.png,640,480
d12,448,81,32,260,1689195137_844832897.png,640,480
d14,399,174,16,152,1689195137_844832897.png,640,480
d12,320,92,17,260,1689195138_348794460.png,640,480
d11,581,0,59,431,1689195138_348794460.png,640,480
d11,406,0,234,468,1689195138_852749109.png,640,480
d12,131,72,36,282,1689195138_852749109.png,640,480
d12,41,60,32,299,1689195139_356702805.png,640,480
d11,332,0,308,476,1689195139_356702805.png,640,480
d11,325,0,315,479,1689195139_860649586.png,640,480
d12,12,17,43,328,1689195139_860649586.png,640,480
d12,17,27,31,332,1689195140_364594698.png,640,480
d11,325,0,315,479,1689195140_364594698.png,640,480
d11,542,0,98,477,1689195140_868548870.png,640,480
d12,239,67,26,276,1689195140_868548870.png,640,480
d12,447,31,47,320,1689195141_372504473.png,640,480
d12,540,15,50,339,1689195141_876442909.png,640,480
d14,485,152,21,176,1689195141_876442909.png,640,480
d13,378,143,14,193,1689195141_876442909.png,640,480
d14,462,160,25,174,1689195142_380379200.png,640,480
d12,529,22,52,339,1689195142_380379200.png,640,480
d13,361,143,9,197,1689195142_380379200.png,640,480
d12,499,29,57,338,1689195142_884322882.png,640,480
d14,434,154,23,186,1689195142_884322882.png,640,480
d13,329,138,12,204,1689195142_884322882.png,640,480
d14,422,156,18,181,1689195143_388267040.png,640,480
d12,484,7,64,363,1689195143_388267040.png,640,480
d13,314,130,13,212,1689195143_388267040.png,640,480
d12,452,11,62,360,1689195143_891028404.png,640,480
d14,387,144,19,191,1689195143_891028404.png,640,480
d13,272,119,15,227,1689195143_891028404.png,640,480
d14,353,149,17,192,1689195144_391393185.png,640,480
d12,420,0,62,387,1689195144_391393185.png,640,480
d13,231,122,14,230,1689195144_391393185.png,640,480
d12,428,0,49,385,1689195144_891755581.png,640,480
d14,336,143,22,199,1689195144_891755581.png,640,480
d13,219,115,13,232,1689195144_891755581.png,640,480
d13,211,108,13,251,1689195145_392120123.png,640,480
d15,232,175,10,162,1689195145_392120123.png,640,480
d14,335,138,23,212,1689195145_392120123.png,640,480
d12,424,0,65,398,1689195145_392120123.png,640,480
d12,431,0,55,403,1689195145_892470837.png,640,480
d13,202,101,11,254,1689195145_892470837.png,640,480
d14,329,137,21,208,1689195145_892470837.png,640,480
d15,221,170,9,177,1689195145_892470837.png,640,480
d15,218,169,9,174,1689195146_392820835.png,640,480
d14,331,129,18,218,1689195146_392820835.png,640,480
d13,194,93,13,269,1689195146_392820835.png,640,480
d12,435,0,66,412,1689195146_392820835.png,640,480
d12,443,0,70,426,1689195146_893172741.png,640,480
d13,191,85,15,274,1689195146_893172741.png,640,480
d14,330,123,23,225,1689195146_893172741.png,640,480
d15,217,163,8,178,1689195146_893172741.png,640,480
d15,214,161,7,173,1689195147_393525362.png,640,480
d14,330,115,23,225,1689195147_393525362.png,640,480
d13,186,68,14,286,1689195147_393525362.png,640,480
d12,452,0,84,432,1689195147_393525362.png,640,480
d12,479,0,82,455,1689195147_893881083.png,640,480
d13,181,60,16,302,1689195147_893881083.png,640,480
d14,329,104,21,241,1689195147_893881083.png,640,480
d15,209,148,7,190,1689195147_893881083.png,640,480
d15,206,148,8,192,1689195148_394237757.png,640,480
d14,332,106,19,243,1689195148_394237757.png,640,480
d13,172,54,19,307,1689195148_394237757.png,640,480
d12,464,0,150,473,1689195148_394237757.png,640,480
d12,488,0,152,477,1689195148_894588709.png,640,480
d13,164,50,20,314,1689195148_894588709.png,640,480
d14,333,111,14,245,1689195148_894588709.png,640,480
d15,203,153,13,188,1689195148_894588709.png,640,480
d15,200,143,7,198,1689195149_394938946.png,640,480
d14,328,85,23,266,1689195149_394938946.png,640,480
d13,156,34,15,326,1689195149_394938946.png,640,480
d12,506,0,134,480,1689195149_394938946.png,640,480
d12,539,2,101,478,1689195149_895277739.png,640,480
d13,150,14,24,345,1689195149_895277739.png,640,480
d14,332,78,25,270,1689195149_895277739.png,640,480
d15,194,130,18,210,1689195149_895277739.png,640,480
d15,196,133,11,209,1689195150_395615101.png,640,480
d14,332,69,23,283,1689195150_395615101.png,640,480
d13,138,4,32,364,1689195150_395615101.png,640,480
d12,542,0,98,480,1689195150_395615101.png,640,480
d12,567,1,73,479,1689195150_895955086.png,640,480
d13,130,7,32,368,1689195150_895955086.png,640,480
d14,333,50,23,307,1689195150_895955086.png,640,480
d15,187,126,15,221,1689195150_895955086.png,640,480
d15,204,122,12,216,1689195151_396293879.png,640,480
d14,349,41,31,312,1689195151_396293879.png,640,480
d13,128,3,43,367,1689195151_396293879.png,640,480
d13,157,0,42,377,1689195151_896630049.png,640,480
d14,379,20,34,340,1689195151_896630049.png,640,480
d15,230,115,15,227,1689195151_896630049.png,640,480
d15,220,106,13,237,1689195152_396964550.png,640,480
d14,376,20,34,340,1689195152_396964550.png,640,480
d13,138,2,46,373,1689195152_396964550.png,640,480
d13,125,0,59,383,1689195152_897312403.png,640,480
d14,387,0,23,373,1689195152_897312403.png,640,480
d15,222,104,14,242,1689195152_897312403.png,640,480
d15,212,90,17,254,1689195153_397660494.png,640,480
d14,383,9,37,358,1689195153_397660494.png,640,480
d13,109,0,63,394,1689195153_397660494.png,640,480
d13,93,0,74,402,1689195153_900443554.png,640,480
d14,383,3,41,373,1689195153_900443554.png,640,480
d15,209,80,20,266,1689195153_900443554.png,640,480
d15,208,78,23,272,1689195154_404305220.png,640,480
d14,396,5,47,372,1689195154_404305220.png,640,480
d13,77,0,72,409,1689195154_404305220.png,640,480
d13,0,0,47,407,1689195154_905334711.png,640,480
d14,325,0,43,383,1689195154_905334711.png,640,480
d15,124,65,21,290,1689195154_905334711.png,640,480
d15,83,55,28,303,1689195155_405328035.png,640,480
d14,301,0,32,401,1689195155_405328035.png,640,480
d15,195,50,29,304,1689195155_905336380.png,640,480
d14,412,0,41,387,1689195155_905336380.png,640,480
d13,0,0,101,436,1689195155_905336380.png,640,480
d13,165,0,123,434,1689195156_405321598.png,640,480
d14,601,5,39,373,1689195156_405321598.png,640,480
d15,358,36,23,311,1689195156_405321598.png,640,480
d15,494,35,32,319,1689195156_905320406.png,640,480
d13,313,0,107,419,1689195156_905320406.png,640,480
d13,353,0,113,439,1689195157_405290842.png,640,480
d15,537,39,48,318,1689195157_405290842.png,640,480
d17,16,140,24,195,1689195157_907425880.png,640,480
d17,113,144,32,186,1689195158_411043406.png,640,480
d17,109,147,14,192,1689195158_913962603.png,640,480
d19,80,208,6,123,1689195158_913962603.png,640,480
d21,63,231,6,99,1689195158_913962603.png,640,480
d19,62,200,8,130,1689195159_417227983.png,640,480
d17,93,139,13,209,1689195159_417227983.png,640,480
d21,45,227,10,101,1689195159_417227983.png,640,480
d19,57,198,11,136,1689195159_920060635.png,640,480
d17,86,128,13,211,1689195159_920060635.png,640,480
d21,43,224,10,99,1689195159_920060635.png,640,480
d21,38,222,8,107,1689195160_422963858.png,640,480
d19,53,195,13,140,1689195160_422963858.png,640,480
d17,80,128,14,224,1689195160_422963858.png,640,480
d17,91,129,13,223,1689195160_925214052.png,640,480
d19,67,200,9,135,1689195160_925214052.png,640,480
d21,53,225,13,108,1689195160_925214052.png,640,480
d21,74,233,5,106,1689195161_424061060.png,640,480
d19,83,198,9,146,1689195161_424061060.png,640,480
d17,107,124,14,239,1689195161_424061060.png,640,480
d20,5,232,12,106,1689195161_424061060.png,640,480
d16,34,58,27,313,1689195161_922819376.png,640,480
d17,211,131,18,226,1689195161_922819376.png,640,480
d18,101,170,10,176,1689195161_922819376.png,640,480
d18,245,166,8,173,1689195162_421730280.png,640,480
d17,348,125,25,217,1689195162_421730280.png,640,480
d16,188,55,28,302,1689195162_421730280.png,640,480
d16,231,60,24,304,1689195162_920550108.png,640,480
d18,288,171,11,171,1689195162_920550108.png,640,480
d17,395,116,23,235,1689195162_920550108.png,640,480
d19,378,197,14,134,1689195162_920550108.png,640,480
d20,316,232,8,96,1689195162_920550108.png,640,480
d20,321,217,9,107,1689195163_422845364.png,640,480
d19,387,187,14,141,1689195163_422845364.png,640,480
d18,291,160,14,182,1689195163_422845364.png,640,480
d17,406,110,19,236,1689195163_422845364.png,640,480
d16,233,39,25,321,1689195163_422845364.png,640,480
d16,231,28,19,326,1689195163_921714306.png,640,480
d17,413,101,19,238,1689195163_921714306.png,640,480
d18,291,152,12,177,1689195163_921714306.png,640,480
d19,390,185,12,135,1689195163_921714306.png,640,480
d20,327,217,7,101,1689195163_921714306.png,640,480
d20,303,224,10,97,1689195164_420694351.png,640,480
d21,358,222,12,101,1689195164_420694351.png,640,480
d19,369,183,9,148,1689195164_420694351.png,640,480
d18,269,150,14,195,1689195164_420694351.png,640,480
d17,390,89,26,264,1689195164_420694351.png,640,480
d16,201,20,31,339,1689195164_420694351.png,640,480
d16,184,11,37,356,1689195164_920303106.png,640,480
d17,383,89,29,256,1689195164_920303106.png,640,480
d18,258,147,15,195,1689195164_920303106.png,640,480
d19,363,183,8,152,1689195164_920303106.png,640,480
d20,295,219,5,111,1689195164_920303106.png,640,480
d21,354,219,7,105,1689195164_920303106.png,640,480
d21,320,223,5,104,1689195165_422898293.png,640,480
d20,258,219,5,107,1689195165_422898293.png,640,480
d19,327,180,9,153,1689195165_422898293.png,640,480
d18,223,144,8,192,1689195165_422898293.png,640,480
d17,347,89,25,263,1689195165_422898293.png,640,480
d16,136,8,23,365,1689195165_422898293.png,640,480
d17,314,75,20,277,1689195165_925418615.png,640,480
d16,79,5,37,377,1689195165_925418615.png,640,480
d18,178,147,15,198,1689195165_925418615.png,640,480
d19,289,180,14,153,1689195165_925418615.png,640,480
d20,219,217,8,116,1689195165_925418615.png,640,480
d21,281,220,9,113,1689195165_925418615.png,640,480
d20,216,217,10,108,1689195166_427999020.png,640,480
d19,289,163,11,170,1689195166_427999020.png,640,480
d21,280,219,6,106,1689195166_427999020.png,640,480
d18,173,136,15,213,1689195166_427999020.png,640,480
d17,310,51,22,305,1689195166_427999020.png,640,480
d16,51,0,51,393,1689195166_427999020.png,640,480
d21,286,213,7,111,1689195166_928829432.png,640,480
d20,224,215,8,107,1689195166_928829432.png,640,480
d19,296,167,7,165,1689195166_928829432.png,640,480
d18,175,123,16,216,1689195166_928829432.png,640,480
d17,320,50,19,311,1689195166_928829432.png,640,480
d16,48,0,41,387,1689195166_928829432.png,640,480
d16,27,0,57,402,1689195167_427839994.png,640,480
d17,320,17,25,339,1689195167_427839994.png,640,480
d18,174,119,17,226,1689195167_427839994.png,640,480
d19,297,176,9,151,1689195167_427839994.png,640,480
d20,224,217,7,113,1689195167_427839994.png,640,480
d21,288,215,9,107,1689195167_427839994.png,640,480
d21,303,215,8,107,1689195167_926749945.png,640,480
d20,238,210,7,113,1689195167_926749945.png,640,480
d19,308,156,13,175,1689195167_926749945.png,640,480
d18,181,116,19,222,1689195167_926749945.png,640,480
d16,17,0,73,402,1689195167_926749945.png,640,480
d17,341,19,9,343,1689195167_926749945.png,640,480
d17,399,5,13,368,1689195168_425728083.png,640,480
d18,243,113,17,229,1689195168_425728083.png,640,480
d16,59,0,80,412,1689195168_425728083.png,640,480
d19,370,167,14,166,1689195168_425728083.png,640,480
d20,296,210,7,113,1689195168_425728083.png,640,480
d21,362,210,7,116,1689195168_425728083.png,640,480
d20,349,217,9,111,1689195168_924608946.png,640,480
d18,295,113,23,233,1689195168_924608946.png,640,480
d19,425,158,15,181,1689195168_924608946.png,640,480
d17,458,16,37,352,1689195168_924608946.png,640,480
d16,112,0,79,409,1689195168_924608946.png,640,480
d16,103,0,91,439,1689195169_423589468.png,640,480
d18,316,104,19,248,1689195169_423589468.png,640,480
d17,489,3,48,366,1689195169_423589468.png,640,480
d19,450,159,11,181,1689195169_423589468.png,640,480
d20,367,211,14,121,1689195169_423589468.png,640,480
d21,438,212,10,115,1689195169_423589468.png,640,480
d21,417,210,9,118,1689195169_922813654.png,640,480
d20,344,215,14,113,1689195169_922813654.png,640,480
d19,429,153,14,187,1689195169_922813654.png,640,480
d18,285,96,25,253,1689195169_922813654.png,640,480
d17,484,3,31,376,1689195169_922813654.png,640,480
d16,67,0,105,448,1689195169_922813654.png,640,480
d16,0,0,85,452,1689195170_423705101.png,640,480
d17,416,0,26,412,1689195170_423705101.png,640,480
d18,220,90,14,266,1689195170_423705101.png,640,480
d19,363,154,9,190,1689195170_423705101.png,640,480
d19,304,150,12,188,1689195170_924410343.png,640,480
d20,217,202,8,133,1689195170_924410343.png,640,480
d18,147,77,22,283,1689195170_924410343.png,640,480
d17,363,3,30,385,1689195170_924410343.png,640,480
d17,335,3,33,392,1689195171_426093817.png,640,480
d18,120,60,19,299,1689195171_426093817.png,640,480
d19,281,144,8,190,1689195171_426093817.png,640,480
d20,194,205,9,127,1689195171_426093817.png,640,480
d21,267,205,8,123,1689195171_426093817.png,640,480
d20,265,209,11,118,1689195171_928901672.png,640,480
d19,355,133,10,204,1689195171_928901672.png,640,480
d18,185,59,24,294,1689195171_928901672.png,640,480
d17,409,0,37,416,1689195171_928901672.png,640,480
d17,469,1,70,419,1689195172_431768417.png,640,480
d18,240,59,29,295,1689195172_431768417.png,640,480
d19,410,125,18,211,1689195172_431768417.png,640,480
d20,324,198,8,130,1689195172_431768417.png,640,480
d18,369,59,41,295,1689195172_934851170.png,640,480
d19,555,114,22,228,1689195172_934851170.png,640,480
d20,457,188,14,143,1689195172_934851170.png,640,480
d16,0,0,137,477,1689195172_934851170.png,640,480
d16,0,0,230,477,1689195173_441630602.png,640,480
d18,459,32,38,314,1689195173_441630602.png,640,480
d20,551,186,15,143,1689195173_441630602.png,640,480
d18,579,17,60,343,1689195173_948397636.png,640,480
d16,0,0,351,479,1689195173_948397636.png,640,480
d16,139,0,307,480,1689195174_452935219.png,640,480
d16,105,0,339,474,1689195174_957561255.png,640,480
d16,0,0,349,480,1689195175_465787172.png,640,480
d18,613,5,26,352,1689195175_465787172.png,640,480
d18,344,47,10,308,1689195175_975281954.png,640,480
d19,520,102,14,233,1689195175_975281954.png,640,480
d19,304,101,18,231,1689195176_483028173.png,640,480
d17,469,2,171,455,1689195176_483028173.png,640,480
d18,116,7,23,351,1689195176_483028173.png,640,480
d20,195,177,5,141,1689195176_483028173.png,640,480
d21,275,180,14,134,1689195176_483028173.png,640,480
d21,275,182,12,142,1689195176_992415428.png,640,480
d20,191,179,6,147,1689195176_992415428.png,640,480
d19,301,98,19,241,1689195176_992415428.png,640,480
d18,99,4,22,367,1689195176_992415428.png,640,480
d17,477,0,163,467,1689195176_992415428.png,640,480
d17,476,0,164,463,1689195177_497761250.png,640,480
d18,70,5,55,370,1689195177_497761250.png,640,480
d19,298,83,24,261,1689195177_497761250.png,640,480
d20,188,179,12,152,1689195177_497761250.png,640,480
d21,275,178,7,145,1689195177_497761250.png,640,480
d21,271,181,13,144,1689195178_321388.png,640,480
d20,185,175,12,153,1689195178_321388.png,640,480
d19,302,87,15,248,1689195178_321388.png,640,480
d18,67,0,37,382,1689195178_321388.png,640,480
d17,530,0,110,476,1689195178_321388.png,640,480
d18,51,0,41,398,1689195178_502954245.png,640,480
d19,301,83,26,269,1689195178_502954245.png,640,480
d20,185,177,10,155,1689195178_502954245.png,640,480
d21,275,187,10,145,1689195178_502954245.png,640,480
d17,556,2,84,478,1689195178_502954245.png,640,480
d18,38,0,68,397,1689195179_508234978.png,640,480
d19,332,57,21,297,1689195179_508234978.png,640,480
d20,215,174,10,156,1689195179_508234978.png,640,480
d21,304,173,11,157,1689195179_508234978.png,640,480
d21,286,183,7,152,1689195179_5562544.png,640,480
d20,195,179,6,153,1689195179_5562544.png,640,480
d19,308,68,26,278,1689195179_5562544.png,640,480
d18,38,0,51,397,1689195179_5562544.png,640,480
d18,31,0,86,426,1689195180_507826567.png,640,480
d19,367,33,32,323,1689195180_507826567.png,640,480
d20,239,166,18,172,1689195180_507826567.png,640,480
d21,341,164,11,171,1689195180_507826567.png,640,480
d21,319,171,17,159,1689195180_8715630.png,640,480
d20,225,168,15,165,1689195180_8715630.png,640,480
d19,347,43,26,316,1689195180_8715630.png,640,480
d18,34,0,76,411,1689195180_8715630.png,640,480
d18,0,0,91,450,1689195181_506034374.png,640,480
d19,387,17,31,344,1689195181_506034374.png,640,480
d20,255,165,13,167,1689195181_506034374.png,640,480
d21,354,169,10,164,1689195181_506034374.png,640,480
d21,347,164,14,163,1689195181_6899118.png,640,480
d20,247,164,14,166,1689195181_6899118.png,640,480
d19,375,19,31,340,1689195181_6899118.png,640,480
d18,12,0,94,426,1689195181_6899118.png,640,480
d18,0,0,51,449,1689195182_504282475.png,640,480
d19,385,0,47,378,1689195182_504282475.png,640,480
d20,245,145,17,182,1689195182_504282475.png,640,480
d21,356,150,14,177,1689195182_504282475.png,640,480
d21,355,154,14,176,1689195182_5129814.png,640,480
d20,250,157,13,181,1689195182_5129814.png,640,480
d19,390,9,37,359,1689195182_5129814.png,640,480
d18,0,0,77,438,1689195182_5129814.png,640,480
d19,406,0,27,378,1689195183_3391981.png,640,480
d20,248,147,14,190,1689195183_3391981.png,640,480
d21,358,154,17,178,1689195183_3391981.png,640,480
d21,361,152,11,179,1689195183_503986597.png,640,480
d20,246,147,17,191,1689195183_503986597.png,640,480
d19,409,0,28,373,1689195183_503986597.png,640,480
d19,421,0,25,385,1689195184_5011559.png,640,480
d20,250,143,14,194,1689195184_5011559.png,640,480
d21,362,146,15,194,1689195184_5011559.png,640,480
d21,372,149,13,190,1689195184_504171848.png,640,480
d20,254,133,14,209,1689195184_504171848.png,640,480
d19,431,0,36,396,1689195184_504171848.png,640,480
d19,480,0,50,412,1689195185_3281593.png,640,480
d20,296,148,16,190,1689195185_3281593.png,640,480
d21,412,119,23,220,1689195185_3281593.png,640,480
d18,0,0,155,475,1689195185_504584074.png,640,480
d18,0,0,447,477,1689195186_510973454.png,640,480
d18,0,3,403,477,1689195186_8122921.png,640,480
d18,0,2,431,478,1689195187_14132977.png,640,480
d18,0,2,479,478,1689195187_516088724.png,640,480
d18,0,2,474,478,1689195188_14334202.png,640,480
d18,0,3,242,475,1689195188_513190746.png,640,480
d21,496,116,24,230,1689195189_15976667.png,640,480
d20,361,117,13,227,1689195189_15976667.png,640,480
d21,506,114,33,232,1689195189_518707037.png,640,480
d20,365,101,15,246,1689195189_518707037.png,640,480
d20,371,95,17,255,1689195190_22894621.png,640,480
d21,520,92,29,254,1689195190_22894621.png,640,480
d21,525,81,46,265,1689195190_528065443.png,640,480
d20,379,88,20,255,1689195190_528065443.png,640,480
d21,445,88,26,261,1689195191_30515671.png,640,480
d21,187,86,24,270,1689195191_532978296.png,640,480
d19,496,3,144,477,1689195191_532978296.png,640,480
d19,363,3,277,477,1689195192_36026239.png,640,480
d21,38,67,33,292,1689195192_36026239.png,640,480
d19,304,0,336,479,1689195192_540580511.png,640,480
d19,223,3,417,477,1689195193_44566393.png,640,480
d19,443,5,196,472,1689195193_548934460.png,640,480
d21,131,67,28,280,1689195193_548934460.png,640,480
d21,403,72,39,285,1689195194_52869558.png,640,480
d20,239,83,14,268,1689195194_52869558.png,640,480
d20,341,42,16,314,1689195194_554697037.png,640,480
d21,517,49,47,301,1689195194_554697037.png,640,480
d21,593,14,47,347,1689195195_552333355.png,640,480
d20,399,50,17,320,1689195195_552333355.png,640,480
d20,390,24,28,339,1689195195_55871010.png,640,480
d21,589,22,51,341,1689195195_55871010.png,640,480
d21,623,21,17,334,1689195196_48506260.png,640,480
d20,397,9,36,359,1689195196_48506260.png,640,480
d20,411,7,23,352,1689195196_545156956.png,640,480
d20,389,3,21,365,1689195197_42718172.png,640,480
d21,624,3,16,356,1689195197_42718172.png,640,480
d21,584,5,56,365,1689195197_543064356.png,640,480
d20,344,3,23,366,1689195197_543064356.png,640,480
d20,291,0,22,380,1689195198_43286562.png,640,480
d21,545,0,71,390,1689195198_43286562.png,640,480
d21,508,0,74,389,1689195198_543699741.png,640,480
d20,247,0,27,382,1689195198_543699741.png,640,480
d20,250,0,32,397,1689195199_43802738.png,640,480
d21,525,0,104,406,1689195199_43802738.png,640,480
d21,555,0,85,413,1689195199_544252157.png,640,480
d20,254,0,26,413,1689195199_544252157.png,640,480
d20,196,0,32,413,1689195200_44394732.png,640,480
d21,508,0,129,419,1689195200_44394732.png,640,480
d21,600,2,40,417,1689195200_544804335.png,640,480
d20,245,0,34,414,1689195200_544804335.png,640,480
d20,242,0,42,414,1689195201_43718338.png,640,480
d20,237,0,69,453,1689195201_540497780.png,640,480
d20,246,0,56,468,1689195202_37304878.png,640,480
d20,190,0,79,472,1689195202_536510229.png,640,480
d20,0,0,63,477,1689195203_35677671.png,640,480
d21,571,3,69,476,1689195203_35677671.png,640,480
d21,398,3,242,477,1689195203_539997816.png,640,480
d21,366,2,274,478,1689195204_45066118.png,640,480
d21,308,3,332,477,1689195204_542310476.png,640,480
d21,46,1,394,479,1689195205_39168835.png,640,480
d21,0,2,348,478,1689195205_542766809.png,640,480
d21,89,5,496,475,1689195206_47947645.png,640,480
d21,487,4,153,476,1689195206_551849604.png,640,480
d20,0,0,483,477,1689195207_561301231.png,640,480
d20,3,2,142,478,1689195207_57091951.png,640,480
d20,0,0,470,479,1689195208_569754601.png,640,480
d20,0,0,464,477,1689195208_66541672.png,640,480
d20,0,0,161,477,1689195209_570308685.png,640,480
d20,0,0,478,480,1689195209_69338083.png,640,480
d1,230,57,32,307,1689195225_628356457.png,640,480
d2,48,101,12,253,1689195225_628356457.png,640,480
d2,282,113,19,230,1689195226_133537769.png,640,480
d1,456,44,40,317,1689195226_133537769.png,640,480
d3,315,194,17,143,1689195226_133537769.png,640,480
d3,457,177,14,159,1689195226_639304399.png,640,480
d2,422,97,14,253,1689195226_639304399.png,640,480
d2,277,96,15,248,1689195227_143566370.png,640,480
d3,313,184,9,158,1689195227_143566370.png,640,480
d1,470,13,43,354,1689195227_143566370.png,640,480
d1,355,7,43,366,1689195227_646311522.png,640,480
d3,190,165,13,175,1689195227_646311522.png,640,480
d2,149,71,12,291,1689195227_646311522.png,640,480
d2,100,53,23,299,1689195228_146308661.png,640,480
d3,154,166,15,171,1689195228_146308661.png,640,480
d1,317,4,45,374,1689195228_146308661.png,640,480
d1,318,0,48,384,1689195228_646034241.png,640,480
d2,91,46,22,316,1689195228_646034241.png,640,480
d3,151,173,10,164,1689195228_646034241.png,640,480
d3,149,159,9,179,1689195229_145828485.png,640,480
d2,74,46,39,316,1689195229_145828485.png,640,480
d1,326,3,42,380,1689195229_145828485.png,640,480
d1,341,0,39,398,1689195229_645563126.png,640,480
d2,84,27,18,338,1689195229_645563126.png,640,480
d3,154,150,16,192,1689195229_645563126.png,640,480
d3,213,170,10,174,1689195230_145357609.png,640,480
d2,144,24,19,342,1689195230_145357609.png,640,480
d1,400,3,62,410,1689195230_145357609.png,640,480
d1,463,0,69,435,1689195230_645091534.png,640,480
d2,189,13,30,361,1689195230_645091534.png,640,480
d3,265,164,16,173,1689195230_645091534.png,640,480
d3,313,141,21,195,1689195231_144880533.png,640,480
d2,240,11,31,350,1689195231_144880533.png,640,480
d1,534,4,106,432,1689195231_144880533.png,640,480
d2,282,2,31,369,1689195231_644608259.png,640,480
d1,604,2,36,451,1689195231_644608259.png,640,480
d3,352,143,25,199,1689195231_644608259.png,640,480
d3,390,136,22,207,1689195232_144624472.png,640,480
d2,318,6,19,360,1689195232_144624472.png,640,480
d2,312,2,34,377,1689195232_647933006.png,640,480
d3,397,125,16,209,1689195232_647933006.png,640,480
d3,330,119,19,218,1689195233_151317835.png,640,480
d2,245,2,24,374,1689195233_151317835.png,640,480
d2,133,1,43,406,1689195233_654640436.png,640,480
d1,585,5,55,452,1689195233_654640436.png,640,480
d3,242,118,14,222,1689195233_654640436.png,640,480
d3,205,106,16,240,1689195234_162827253.png,640,480
d2,73,0,51,389,1689195234_162827253.png,640,480
d1,588,3,52,477,1689195234_162827253.png,640,480
d3,192,98,26,245,1689195234_672571182.png,640,480
d2,46,0,48,417,1689195234_672571182.png,640,480
d2,0,0,88,424,1689195235_176724195.png,640,480
d3,187,96,22,255,1689195235_176724195.png,640,480
d3,193,79,29,267,1689195235_676041842.png,640,480
d2,0,0,86,421,1689195235_676041842.png,640,480
d2,0,0,121,449,1689195236_175229788.png,640,480
d3,232,76,30,269,1689195236_175229788.png,640,480
d3,258,65,25,285,1689195236_674302816.png,640,480
d2,0,0,120,451,1689195236_674302816.png,640,480
d2,0,0,123,462,1689195237_177081108.png,640,480
d3,272,68,26,289,1689195237_177081108.png,640,480
d3,273,49,32,305,1689195237_679786205.png,640,480
d2,0,0,110,471,1689195237_679786205.png,640,480
d2,0,2,67,470,1689195238_182559013.png,640,480
d3,274,53,28,307,1689195238_182559013.png,640,480
d3,275,30,25,327,1689195238_685238123.png,640,480
d2,0,0,38,476,1689195238_685238123.png,640,480
d3,267,15,41,351,1689195239_190807343.png,640,480
d3,271,3,32,366,1689195239_697255135.png,640,480
d3,245,3,48,380,1689195240_201025486.png,640,480
d3,200,1,41,375,1689195240_704324007.png,640,480
d3,139,0,58,391,1689195241_207681179.png,640,480
d3,114,0,70,393,1689195241_709052563.png,640,480
d3,112,0,58,400,1689195242_208827019.png,640,480
d3,117,0,60,398,1689195242_711895227.png,640,480
d3,116,0,62,397,1689195243_215240717.png,640,480
d3,113,0,62,402,1689195243_718527555.png,640,480
d3,108,0,71,395,1689195244_221903563.png,640,480
d3,103,0,69,403,1689195244_725218773.png,640,480
d3,110,0,64,396,1689195245_228596687.png,640,480
d3,106,0,67,398,1689195245_731903315.png,640,480
d3,109,0,64,403,1689195246_235275507.png,640,480
d3,106,0,69,398,1689195246_738576889.png,640,480
d3,110,0,65,393,1689195247_241951227.png,640,480
d3,108,0,67,393,1689195247_745255709.png,640,480
d3,107,0,66,399,1689195248_248629570.png,640,480
d3,110,0,65,399,1689195248_751937628.png,640,480
d3,111,0,60,396,1689195249_255300522.png,640,480
d3,111,0,62,395,1689195249_758589506.png,640,480
d3,109,0,63,400,1689195250_265388966.png,640,480
d3,114,0,60,402,1689195250_772687197.png,640,480